,SOURCE_STRING,TRANSLATION,CONTEXT
,source string 0,,Context 0
,source string 1,,Context 1
,source string 2,,Context 2
,source string 3,,Context 3
,source string 4,,Context 4
,source string 5,,Context 5
,source string 6,,Context 6
,source string 7,,Context 7
,source string 8,,Context 8
,source string 9,,Context 9
,source string 10,,Context 10
,source string 11,,Context 11
,source string 12,,Context 12
,source string 13,,Context 13
,source string 14,,Context 14
,source string 15,,Context 15
,source string 16,,Context 16
,source string 17,,Context 17
,source string 18,,Context 18
,source string 19,,Context 19
,source string 20,,Context 20
